"Country or Area","Year(s)","Variant","Value"
"South Sudan","2100","Medium","23840.772"
"South Sudan","2100","High","34002.064"
"South Sudan","2100","Low","16314.199"
"South Sudan","2100","Constant fertility","56801.982"
"South Sudan","2100","Instant replacement","19585.685"
"South Sudan","2100","Zero migration","22844.737"
"South Sudan","2100","Constant mortality","20747.406"
"South Sudan","2100","No change","49122.948"
"South Sudan","2100","Momentum","17697.724"
"South Sudan","2100","Instant replacement zero migration","18588.871"
"South Sudan","2100","No fertility below age 18","20758.197"
"South Sudan","2100","Accelerated ABR decline","18554.595"
"South Sudan","2100","Accelarated ABR decline w/rec.","20668.029"
"South Sudan","2100","Median PI","23840.772"
"South Sudan","2100","Upper 80 PI","50182.238"
"South Sudan","2100","Lower 80 PI","12154.368"
"South Sudan","2100","Upper 95 PI","78532.797"
"South Sudan","2100","Lower 95 PI","8930.633"
"South Sudan","2099","Medium","23835.038"
"South Sudan","2099","High","33761.982"
"South Sudan","2099","Low","16437.373"
"South Sudan","2099","Constant fertility","55639.899"
"South Sudan","2099","Instant replacement","19549.434"
"South Sudan","2099","Zero migration","22860.18"
"South Sudan","2099","Constant mortality","20812.57"
"South Sudan","2099","No change","48290.137"
"South Sudan","2099","Momentum","17698.95"
"South Sudan","2099","Instant replacement zero migration","18576.253"
"South Sudan","2099","No fertility below age 18","20783.415"
"South Sudan","2099","Accelerated ABR decline","18607.341"
"South Sudan","2099","Accelarated ABR decline w/rec.","20686.605"
"South Sudan","2099","Median PI","23835.038"
"South Sudan","2099","Upper 80 PI","49867.866"
"South Sudan","2099","Lower 80 PI","12232.119"
"South Sudan","2099","Upper 95 PI","76818.887"
"South Sudan","2099","Lower 95 PI","8955.781"
"South Sudan","2098","Medium","23823.439"
"South Sudan","2098","High","33517.088"
"South Sudan","2098","Low","16556.045"
"South Sudan","2098","Constant fertility","54501.791"
"South Sudan","2098","Instant replacement","19512.163"
"South Sudan","2098","Zero migration","22872.421"
"South Sudan","2098","Constant mortality","20871.616"
"South Sudan","2098","No change","47469.276"
"South Sudan","2098","Momentum","17701.469"
"South Sudan","2098","Instant replacement zero migration","18565.084"
"South Sudan","2098","No fertility below age 18","20804.037"
"South Sudan","2098","Accelerated ABR decline","18656.448"
"South Sudan","2098","Accelarated ABR decline w/rec.","20701.017"
"South Sudan","2098","Median PI","23823.439"
"South Sudan","2098","Upper 80 PI","49354.561"
"South Sudan","2098","Lower 80 PI","12381.063"
"South Sudan","2098","Upper 95 PI","75086.108"
"South Sudan","2098","Lower 95 PI","9015.43"
"South Sudan","2097","Medium","23815.418"
"South Sudan","2097","High","33277.007"
"South Sudan","2097","Low","16679.487"
"South Sudan","2097","Constant fertility","53396.293"
"South Sudan","2097","Instant replacement","19483.04"
"South Sudan","2097","Zero migration","22881.744"
"South Sudan","2097","Constant mortality","20933.924"
"South Sudan","2097","No change","46669.365"
"South Sudan","2097","Momentum","17705.344"
"South Sudan","2097","Instant replacement zero migration","18555.398"
"South Sudan","2097","No fertility below age 18","20829.453"
"South Sudan","2097","Accelerated ABR decline","18711.217"
"South Sudan","2097","Accelarated ABR decline w/rec.","20720.669"
"South Sudan","2097","Median PI","23815.418"
"South Sudan","2097","Upper 80 PI","48913.948"
"South Sudan","2097","Lower 80 PI","12559.182"
"South Sudan","2097","Upper 95 PI","73799.251"
"South Sudan","2097","Lower 95 PI","9187.828"
"South Sudan","2096","Medium","23810.976"
"South Sudan","2096","High","33041.978"
"South Sudan","2096","Low","16807.469"
"South Sudan","2096","Constant fertility","52322.448"
"South Sudan","2096","Instant replacement","19461.615"
"South Sudan","2096","Zero migration","22888.44"
"South Sudan","2096","Constant mortality","20999.495"
"South Sudan","2096","No change","45889.895"
"South Sudan","2096","Momentum","17710.579"
"South Sudan","2096","Instant replacement zero migration","18547.109"
"South Sudan","2096","No fertility below age 18","20859.565"
"South Sudan","2096","Accelerated ABR decline","18771.462"
"South Sudan","2096","Accelarated ABR decline w/rec.","20745.492"
"South Sudan","2096","Median PI","23810.976"
"South Sudan","2096","Upper 80 PI","48727.848"
"South Sudan","2096","Lower 80 PI","12674.956"
"South Sudan","2096","Upper 95 PI","72541.971"
"South Sudan","2096","Lower 95 PI","9334.694"
"South Sudan","2095","Medium","23801.612"
"South Sudan","2095","High","32803.574"
"South Sudan","2095","Low","16931.385"
"South Sudan","2095","Constant fertility","51271.484"
"South Sudan","2095","Instant replacement","19439.421"
"South Sudan","2095","Zero migration","22892.4"
"South Sudan","2095","Constant mortality","21059.79"
"South Sudan","2095","No change","45122.413"
"South Sudan","2095","Momentum","17717.122"
"South Sudan","2095","Instant replacement zero migration","18540.129"
"South Sudan","2095","No fertility below age 18","20885.869"
"South Sudan","2095","Accelerated ABR decline","18828.628"
"South Sudan","2095","Accelarated ABR decline w/rec.","20767.016"
"South Sudan","2095","Median PI","23801.612"
"South Sudan","2095","Upper 80 PI","48352.118"
"South Sudan","2095","Lower 80 PI","12721.621"
"South Sudan","2095","Upper 95 PI","71481.036"
"South Sudan","2095","Lower 95 PI","9425.45"
"South Sudan","2094","Medium","23798.293"
"South Sudan","2094","High","32572.741"
"South Sudan","2094","Low","17062.186"
"South Sudan","2094","Constant fertility","50253.943"
"South Sudan","2094","Instant replacement","19427.483"
"South Sudan","2094","Zero migration","22893.425"
"South Sudan","2094","Constant mortality","21125.774"
"South Sudan","2094","No change","44377.779"
"South Sudan","2094","Momentum","17724.861"
"South Sudan","2094","Instant replacement zero migration","18534.339"
"South Sudan","2094","No fertility below age 18","20919.32"
"South Sudan","2094","Accelerated ABR decline","18893.663"
"South Sudan","2094","Accelarated ABR decline w/rec.","20796.208"
"South Sudan","2094","Median PI","23798.293"
"South Sudan","2094","Upper 80 PI","47942.656"
"South Sudan","2094","Lower 80 PI","12797.291"
"South Sudan","2094","Upper 95 PI","70602.66"
"South Sudan","2094","Lower 95 PI","9481.195"
"South Sudan","2093","Medium","23794.667"
"South Sudan","2093","High","32343.229"
"South Sudan","2093","Low","17193.406"
"South Sudan","2093","Constant fertility","49262.935"
"South Sudan","2093","Instant replacement","19419.325"
"South Sudan","2093","Zero migration","22891.429"
"South Sudan","2093","Constant mortality","21191.056"
"South Sudan","2093","No change","43649.454"
"South Sudan","2093","Momentum","17733.604"
"South Sudan","2093","Instant replacement zero migration","18529.544"
"South Sudan","2093","No fertility below age 18","20953.532"
"South Sudan","2093","Accelerated ABR decline","18960.126"
"South Sudan","2093","Accelarated ABR decline w/rec.","20826.679"
"South Sudan","2093","Median PI","23794.667"
"South Sudan","2093","Upper 80 PI","47693.798"
"South Sudan","2093","Lower 80 PI","12923.451"
"South Sudan","2093","Upper 95 PI","69480.795"
"South Sudan","2093","Lower 95 PI","9566.224"
"South Sudan","2092","Medium","23780.454"
"South Sudan","2092","High","32104.946"
"South Sudan","2092","Low","17314.566"
"South Sudan","2092","Constant fertility","48287.766"
"South Sudan","2092","Instant replacement","19404.488"
"South Sudan","2092","Zero migration","22886.206"
"South Sudan","2092","Constant mortality","21245.446"
"South Sudan","2092","No change","42927.241"
"South Sudan","2092","Momentum","17743.11"
"South Sudan","2092","Instant replacement zero migration","18525.338"
"South Sudan","2092","No fertility below age 18","20978.19"
"South Sudan","2092","Accelerated ABR decline","19017.614"
"South Sudan","2092","Accelarated ABR decline w/rec.","20848.111"
"South Sudan","2092","Median PI","23780.454"
"South Sudan","2092","Upper 80 PI","47142.451"
"South Sudan","2092","Lower 80 PI","13041.021"
"South Sudan","2092","Upper 95 PI","68162.531"
"South Sudan","2092","Lower 95 PI","9729.337"
"South Sudan","2091","Medium","23761.3"
"South Sudan","2091","High","31863.737"
"South Sudan","2091","Low","17431.106"
"South Sudan","2091","Constant fertility","47333.395"
"South Sudan","2091","Instant replacement","19388.263"
"South Sudan","2091","Zero migration","22877.647"
"South Sudan","2091","Constant mortality","21294.698"
"South Sudan","2091","No change","42216.626"
"South Sudan","2091","Momentum","17753.086"
"South Sudan","2091","Instant replacement zero migration","18521.269"
"South Sudan","2091","No fertility below age 18","20998.849"
"South Sudan","2091","Accelerated ABR decline","19071.605"
"South Sudan","2091","Accelarated ABR decline w/rec.","20866.029"
"South Sudan","2091","Median PI","23761.3"
"South Sudan","2091","Upper 80 PI","46442.119"
"South Sudan","2091","Lower 80 PI","13128.672"
"South Sudan","2091","Upper 95 PI","66538.036"
"South Sudan","2091","Lower 95 PI","9865.877"
"South Sudan","2090","Medium","23741.231"
"South Sudan","2090","High","31623.799"
"South Sudan","2090","Low","17546.893"
"South Sudan","2090","Constant fertility","46403.207"
"South Sudan","2090","Instant replacement","19374.366"
"South Sudan","2090","Zero migration","22865.714"
"South Sudan","2090","Constant mortality","21342.773"
"South Sudan","2090","No change","41521.264"
"South Sudan","2090","Momentum","17763.2"
"South Sudan","2090","Instant replacement zero migration","18517.007"
"South Sudan","2090","No fertility below age 18","21019.46"
"South Sudan","2090","Accelerated ABR decline","19125.985"
"South Sudan","2090","Accelarated ABR decline w/rec.","20884.357"
"South Sudan","2090","Median PI","23741.231"
"South Sudan","2090","Upper 80 PI","46029.042"
"South Sudan","2090","Lower 80 PI","13194.241"
"South Sudan","2090","Upper 95 PI","65316.575"
"South Sudan","2090","Lower 95 PI","9834.978"
"South Sudan","2089","Medium","23710.145"
"South Sudan","2089","High","31375.179"
"South Sudan","2089","Low","17651.672"
"South Sudan","2089","Constant fertility","45486.774"
"South Sudan","2089","Instant replacement","19352.569"
"South Sudan","2089","Zero migration","22850.143"
"South Sudan","2089","Constant mortality","21379.554"
"South Sudan","2089","No change","40831.063"
"South Sudan","2089","Momentum","17773.069"
"South Sudan","2089","Instant replacement zero migration","18512.135"
"South Sudan","2089","No fertility below age 18","21029.881"
"South Sudan","2089","Accelerated ABR decline","19170.536"
"South Sudan","2089","Accelarated ABR decline w/rec.","20892.921"
"South Sudan","2089","Median PI","23710.145"
"South Sudan","2089","Upper 80 PI","45668.189"
"South Sudan","2089","Lower 80 PI","13224.077"
"South Sudan","2089","Upper 95 PI","64873.713"
"South Sudan","2089","Lower 95 PI","9780.277"
"South Sudan","2088","Medium","23667.427"
"South Sudan","2088","High","31117.37"
"South Sudan","2088","Low","17744.686"
"South Sudan","2088","Constant fertility","44583.467"
"South Sudan","2088","Instant replacement","19322.288"
"South Sudan","2088","Zero migration","22830.529"
"South Sudan","2088","Constant mortality","21404.347"
"South Sudan","2088","No change","40145.544"
"South Sudan","2088","Momentum","17782.294"
"South Sudan","2088","Instant replacement zero migration","18506.256"
"South Sudan","2088","No fertility below age 18","21029.465"
"South Sudan","2088","Accelerated ABR decline","19204.548"
"South Sudan","2088","Accelarated ABR decline w/rec.","20891.028"
"South Sudan","2088","Median PI","23667.427"
"South Sudan","2088","Upper 80 PI","45148.457"
"South Sudan","2088","Lower 80 PI","13286.56"
"South Sudan","2088","Upper 95 PI","64275.408"
"South Sudan","2088","Lower 95 PI","9907.279"
"South Sudan","2087","Medium","23627.724"
"South Sudan","2087","High","30865.028"
"South Sudan","2087","Low","17840.571"
"South Sudan","2087","Constant fertility","43707.629"
"South Sudan","2087","Instant replacement","19298.188"
"South Sudan","2087","Zero migration","22806.491"
"South Sudan","2087","Constant mortality","21431.701"
"South Sudan","2087","No change","39479.162"
"South Sudan","2087","Momentum","17790.461"
"South Sudan","2087","Instant replacement zero migration","18499.03"
"South Sudan","2087","No fertility below age 18","21032.828"
"South Sudan","2087","Accelerated ABR decline","19242.601"
"South Sudan","2087","Accelarated ABR decline w/rec.","20893.218"
"South Sudan","2087","Median PI","23627.724"
"South Sudan","2087","Upper 80 PI","44713.148"
"South Sudan","2087","Lower 80 PI","13351.002"
"South Sudan","2087","Upper 95 PI","63155.84"
"South Sudan","2087","Lower 95 PI","10026.455"
"South Sudan","2086","Medium","23583.756"
"South Sudan","2086","High","30611.069"
"South Sudan","2086","Low","17931.893"
"South Sudan","2086","Constant fertility","42851.264"
"South Sudan","2086","Instant replacement","19272.573"
"South Sudan","2086","Zero migration","22777.978"
"South Sudan","2086","Constant mortality","21454.269"
"South Sudan","2086","No change","38824.198"
"South Sudan","2086","Momentum","17797.09"
"South Sudan","2086","Instant replacement zero migration","18489.99"
"South Sudan","2086","No fertility below age 18","21032.589"
"South Sudan","2086","Accelerated ABR decline","19277.216"
"South Sudan","2086","Accelarated ABR decline w/rec.","20892.02"
"South Sudan","2086","Median PI","23583.756"
"South Sudan","2086","Upper 80 PI","44209.656"
"South Sudan","2086","Lower 80 PI","13345.771"
"South Sudan","2086","Upper 95 PI","62177.53"
"South Sudan","2086","Lower 95 PI","9974.175"
"South Sudan","2085","Medium","23535.228"
"South Sudan","2085","High","30355.318"
"South Sudan","2085","Low","18018.232"
"South Sudan","2085","Constant fertility","42013.45"
"South Sudan","2085","Instant replacement","19244.867"
"South Sudan","2085","Zero migration","22744.73"
"South Sudan","2085","Constant mortality","21471.797"
"South Sudan","2085","No change","38180.101"
"South Sudan","2085","Momentum","17801.689"
"South Sudan","2085","Instant replacement zero migration","18478.601"
"South Sudan","2085","No fertility below age 18","21028.365"
"South Sudan","2085","Accelerated ABR decline","19307.936"
"South Sudan","2085","Accelarated ABR decline w/rec.","20886.971"
"South Sudan","2085","Median PI","23535.228"
"South Sudan","2085","Upper 80 PI","43512.583"
"South Sudan","2085","Lower 80 PI","13354.075"
"South Sudan","2085","Upper 95 PI","61305.519"
"South Sudan","2085","Lower 95 PI","9973.563"
"South Sudan","2084","Medium","23477.727"
"South Sudan","2084","High","30093.312"
"South Sudan","2084","Low","18095.189"
"South Sudan","2084","Constant fertility","41189.677"
"South Sudan","2084","Instant replacement","19210.882"
"South Sudan","2084","Zero migration","22706.023"
"South Sudan","2084","Constant mortality","21479.939"
"South Sudan","2084","No change","37542.738"
"South Sudan","2084","Momentum","17803.77"
"South Sudan","2084","Instant replacement zero migration","18464.351"
"South Sudan","2084","No fertility below age 18","21015.73"
"South Sudan","2084","Accelerated ABR decline","19330.337"
"South Sudan","2084","Accelarated ABR decline w/rec.","20873.588"
"South Sudan","2084","Median PI","23477.727"
"South Sudan","2084","Upper 80 PI","42795.057"
"South Sudan","2084","Lower 80 PI","13406.589"
"South Sudan","2084","Upper 95 PI","60173.545"
"South Sudan","2084","Lower 95 PI","10102.412"
"South Sudan","2083","Medium","23407.693"
"South Sudan","2083","High","29821.567"
"South Sudan","2083","Low","18159.115"
"South Sudan","2083","Constant fertility","40376.079"
"South Sudan","2083","Instant replacement","19166.993"
"South Sudan","2083","Zero migration","22661.422"
"South Sudan","2083","Constant mortality","21475.132"
"South Sudan","2083","No change","36908.574"
"South Sudan","2083","Momentum","17802.848"
"South Sudan","2083","Instant replacement zero migration","18446.722"
"South Sudan","2083","No fertility below age 18","20991.051"
"South Sudan","2083","Accelerated ABR decline","19340.768"
"South Sudan","2083","Accelarated ABR decline w/rec.","20848.184"
"South Sudan","2083","Median PI","23407.693"
"South Sudan","2083","Upper 80 PI","42188.562"
"South Sudan","2083","Lower 80 PI","13525.18"
"South Sudan","2083","Upper 95 PI","59331.048"
"South Sudan","2083","Lower 95 PI","10206.316"
"South Sudan","2082","Medium","23335.453"
"South Sudan","2082","High","29550.474"
"South Sudan","2082","Low","18220.288"
"South Sudan","2082","Constant fertility","39582.418"
"South Sudan","2082","Instant replacement","19123.353"
"South Sudan","2082","Zero migration","22610.74"
"South Sudan","2082","Constant mortality","21467.631"
"South Sudan","2082","No change","36287.548"
"South Sudan","2082","Momentum","17798.486"
"South Sudan","2082","Instant replacement zero migration","18425.362"
"South Sudan","2082","No fertility below age 18","20964.569"
"South Sudan","2082","Accelerated ABR decline","19349.464"
"South Sudan","2082","Accelarated ABR decline w/rec.","20820.928"
"South Sudan","2082","Median PI","23335.453"
"South Sudan","2082","Upper 80 PI","41834.765"
"South Sudan","2082","Lower 80 PI","13644.335"
"South Sudan","2082","Upper 95 PI","58869.822"
"South Sudan","2082","Lower 95 PI","10299.249"
"South Sudan","2081","Medium","23260.637"
"South Sudan","2081","High","29279.711"
"South Sudan","2081","Low","18278.293"
"South Sudan","2081","Constant fertility","38807.928"
"South Sudan","2081","Instant replacement","19079.462"
"South Sudan","2081","Zero migration","22553.778"
"South Sudan","2081","Constant mortality","21456.945"
"South Sudan","2081","No change","35678.949"
"South Sudan","2081","Momentum","17790.295"
"South Sudan","2081","Instant replacement zero migration","18399.953"
"South Sudan","2081","No fertility below age 18","20935.851"
"South Sudan","2081","Accelerated ABR decline","19355.973"
"South Sudan","2081","Accelarated ABR decline w/rec.","20791.283"
"South Sudan","2081","Median PI","23260.637"
"South Sudan","2081","Upper 80 PI","41634.451"
"South Sudan","2081","Lower 80 PI","13734.807"
"South Sudan","2081","Upper 95 PI","58394.517"
"South Sudan","2081","Lower 95 PI","10384.586"
"South Sudan","2080","Medium","23186.729"
"South Sudan","2080","High","29012.834"
"South Sudan","2080","Low","18336.569"
"South Sudan","2080","Constant fertility","38055.311"
"South Sudan","2080","Instant replacement","19038.494"
"South Sudan","2080","Zero migration","22490.436"
"South Sudan","2080","Constant mortality","21446.594"
"South Sudan","2080","No change","35085.785"
"South Sudan","2080","Momentum","17777.941"
"South Sudan","2080","Instant replacement zero migration","18370.108"
"South Sudan","2080","No fertility below age 18","20908.289"
"South Sudan","2080","Accelerated ABR decline","19363.658"
"South Sudan","2080","Accelarated ABR decline w/rec.","20762.546"
"South Sudan","2080","Median PI","23186.729"
"South Sudan","2080","Upper 80 PI","41278.948"
"South Sudan","2080","Lower 80 PI","13812.789"
"South Sudan","2080","Upper 95 PI","57661.49"
"South Sudan","2080","Lower 95 PI","10492.807"
"South Sudan","2079","Medium","23101.521"
"South Sudan","2079","High","28737.668"
"South Sudan","2079","Low","18382.862"
"South Sudan","2079","Constant fertility","37311.95"
"South Sudan","2079","Instant replacement","18988.232"
"South Sudan","2079","Zero migration","22420.527"
"South Sudan","2079","Constant mortality","21424.33"
"South Sudan","2079","No change","34495.688"
"South Sudan","2079","Momentum","17761.192"
"South Sudan","2079","Instant replacement zero migration","18335.627"
"South Sudan","2079","No fertility below age 18","20869.625"
"South Sudan","2079","Accelerated ABR decline","19360.262"
"South Sudan","2079","Accelarated ABR decline w/rec.","20722.426"
"South Sudan","2079","Median PI","23101.522"
"South Sudan","2079","Upper 80 PI","40579.291"
"South Sudan","2079","Lower 80 PI","13855.588"
"South Sudan","2079","Upper 95 PI","56864.254"
"South Sudan","2079","Lower 95 PI","10536.985"
"South Sudan","2078","Medium","23005.183"
"South Sudan","2078","High","28454.473"
"South Sudan","2078","Low","18417.248"
"South Sudan","2078","Constant fertility","36577.518"
"South Sudan","2078","Instant replacement","18928.671"
"South Sudan","2078","Zero migration","22344.101"
"South Sudan","2078","Constant mortality","21390.214"
"South Sudan","2078","No change","33908.474"
"South Sudan","2078","Momentum","17739.839"
"South Sudan","2078","Instant replacement zero migration","18296.378"
"South Sudan","2078","No fertility below age 18","20819.941"
"South Sudan","2078","Accelerated ABR decline","19345.862"
"South Sudan","2078","Accelarated ABR decline w/rec.","20670.999"
"South Sudan","2078","Median PI","23005.183"
"South Sudan","2078","Upper 80 PI","39787.783"
"South Sudan","2078","Lower 80 PI","13946.86"
"South Sudan","2078","Upper 95 PI","56250.06"
"South Sudan","2078","Lower 95 PI","10619.897"
"South Sudan","2077","Medium","22902.423"
"South Sudan","2077","High","28167.956"
"South Sudan","2077","Low","18444.432"
"South Sudan","2077","Constant fertility","35856.354"
"South Sudan","2077","Instant replacement","18864.593"
"South Sudan","2077","Zero migration","22260.946"
"South Sudan","2077","Constant mortality","21348.99"
"South Sudan","2077","No change","33328.785"
"South Sudan","2077","Momentum","17713.743"
"South Sudan","2077","Instant replacement zero migration","18252.223"
"South Sudan","2077","No fertility below age 18","20763.915"
"South Sudan","2077","Accelerated ABR decline","19325.162"
"South Sudan","2077","Accelarated ABR decline w/rec.","20612.926"
"South Sudan","2077","Median PI","22902.423"
"South Sudan","2077","Upper 80 PI","39098.121"
"South Sudan","2077","Lower 80 PI","14034.52"
"South Sudan","2077","Upper 95 PI","55938.542"
"South Sudan","2077","Lower 95 PI","10785.457"
"South Sudan","2076","Medium","22798.64"
"South Sudan","2076","High","27883.431"
"South Sudan","2076","Low","18469.884"
"South Sudan","2076","Constant fertility","35153.537"
"South Sudan","2076","Instant replacement","18801.606"
"South Sudan","2076","Zero migration","22170.869"
"South Sudan","2076","Constant mortality","21306"
"South Sudan","2076","No change","32761.874"
"South Sudan","2076","Momentum","17682.86"
"South Sudan","2076","Instant replacement zero migration","18203.182"
"South Sudan","2076","No fertility below age 18","20706.957"
"South Sudan","2076","Accelerated ABR decline","19303.597"
"South Sudan","2076","Accelarated ABR decline w/rec.","20553.602"
"South Sudan","2076","Median PI","22798.64"
"South Sudan","2076","Upper 80 PI","38662.766"
"South Sudan","2076","Lower 80 PI","14098.983"
"South Sudan","2076","Upper 95 PI","55647.31"
"South Sudan","2076","Lower 95 PI","10949.448"
"South Sudan","2075","Medium","22690.769"
"South Sudan","2075","High","27597.886"
"South Sudan","2075","Low","18490.476"
"South Sudan","2075","Constant fertility","34465.472"
"South Sudan","2075","Instant replacement","18736.498"
"South Sudan","2075","Zero migration","22074.126"
"South Sudan","2075","Constant mortality","21258.021"
"South Sudan","2075","No change","32204.163"
"South Sudan","2075","Momentum","17647.198"
"South Sudan","2075","Instant replacement zero migration","18149.376"
"South Sudan","2075","No fertility below age 18","20645.945"
"South Sudan","2075","Accelerated ABR decline","19278.034"
"South Sudan","2075","Accelarated ABR decline w/rec.","20489.921"
"South Sudan","2075","Median PI","22690.769"
"South Sudan","2075","Upper 80 PI","38285.55"
"South Sudan","2075","Lower 80 PI","14197.92"
"South Sudan","2075","Upper 95 PI","54509.805"
"South Sudan","2075","Lower 95 PI","11080.181"
"South Sudan","2074","Medium","22561.549"
"South Sudan","2074","High","27294.156"
"South Sudan","2074","Low","18488.809"
"South Sudan","2074","Constant fertility","33774.791"
"South Sudan","2074","Instant replacement","18652.002"
"South Sudan","2074","Zero migration","21970.851"
"South Sudan","2074","Constant mortality","21187.693"
"South Sudan","2074","No change","31638.397"
"South Sudan","2074","Momentum","17606.811"
"South Sudan","2074","Instant replacement zero migration","18090.911"
"South Sudan","2074","No fertility below age 18","20563.576"
"South Sudan","2074","Accelerated ABR decline","19231.144"
"South Sudan","2074","Accelarated ABR decline w/rec.","20404.622"
"South Sudan","2074","Median PI","22561.548"
"South Sudan","2074","Upper 80 PI","37695.905"
"South Sudan","2074","Lower 80 PI","14217.535"
"South Sudan","2074","Upper 95 PI","53058.712"
"South Sudan","2074","Lower 95 PI","11109.976"
"South Sudan","2073","Medium","22420.565"
"South Sudan","2073","High","26981.85"
"South Sudan","2073","Low","18474.41"
"South Sudan","2073","Constant fertility","33090.855"
"South Sudan","2073","Instant replacement","18557.781"
"South Sudan","2073","Zero migration","21861.117"
"South Sudan","2073","Constant mortality","21104.579"
"South Sudan","2073","No change","31074.141"
"South Sudan","2073","Momentum","17561.813"
"South Sudan","2073","Instant replacement zero migration","18027.937"
"South Sudan","2073","No fertility below age 18","20469.418"
"South Sudan","2073","Accelerated ABR decline","19172.494"
"South Sudan","2073","Accelarated ABR decline w/rec.","20307.32"
"South Sudan","2073","Median PI","22420.565"
"South Sudan","2073","Upper 80 PI","37052.714"
"South Sudan","2073","Lower 80 PI","14139.481"
"South Sudan","2073","Upper 95 PI","52102.037"
"South Sudan","2073","Lower 95 PI","11091.344"
"South Sudan","2072","Medium","22278.428"
"South Sudan","2072","High","26671.554"
"South Sudan","2072","Low","18457.872"
"South Sudan","2072","Constant fertility","32423.883"
"South Sudan","2072","Instant replacement","18464.499"
"South Sudan","2072","Zero migration","21745.046"
"South Sudan","2072","Constant mortality","21019.282"
"South Sudan","2072","No change","30521.797"
"South Sudan","2072","Momentum","17512.381"
"South Sudan","2072","Instant replacement zero migration","17960.631"
"South Sudan","2072","No fertility below age 18","20374.064"
"South Sudan","2072","Accelerated ABR decline","19112.709"
"South Sudan","2072","Accelarated ABR decline w/rec.","20208.72"
"South Sudan","2072","Median PI","22278.428"
"South Sudan","2072","Upper 80 PI","36475.267"
"South Sudan","2072","Lower 80 PI","14145.783"
"South Sudan","2072","Upper 95 PI","51360.804"
"South Sudan","2072","Lower 95 PI","11106.873"
"South Sudan","2071","Medium","22132.134"
"South Sudan","2071","High","26360.182"
"South Sudan","2071","Low","18436.203"
"South Sudan","2071","Constant fertility","31770.874"
"South Sudan","2071","Instant replacement","18369.459"
"South Sudan","2071","Zero migration","21622.629"
"South Sudan","2071","Constant mortality","20928.692"
"South Sudan","2071","No change","29978.416"
"South Sudan","2071","Momentum","17458.724"
"South Sudan","2071","Instant replacement zero migration","17889.288"
"South Sudan","2071","No fertility below age 18","20274.523"
"South Sudan","2071","Accelerated ABR decline","19048.857"
"South Sudan","2071","Accelarated ABR decline w/rec.","20105.99"
"South Sudan","2071","Median PI","22132.134"
"South Sudan","2071","Upper 80 PI","35790.877"
"South Sudan","2071","Lower 80 PI","14190.885"
"South Sudan","2071","Upper 95 PI","50569.832"
"South Sudan","2071","Lower 95 PI","11125.192"
"South Sudan","2070","Medium","21989.974"
"South Sudan","2070","High","26055.915"
"South Sudan","2070","Low","18417.724"
"South Sudan","2070","Constant fertility","31139.858"
"South Sudan","2070","Instant replacement","18281.142"
"South Sudan","2070","Zero migration","21494.04"
"South Sudan","2070","Constant mortality","20840.99"
"South Sudan","2070","No change","29452.071"
"South Sudan","2070","Momentum","17401.112"
"South Sudan","2070","Instant replacement zero migration","17814.292"
"South Sudan","2070","No fertility below age 18","20179.106"
"South Sudan","2070","Accelerated ABR decline","18989.294"
"South Sudan","2070","Accelarated ABR decline w/rec.","20007.563"
"South Sudan","2070","Median PI","21989.974"
"South Sudan","2070","Upper 80 PI","35137.495"
"South Sudan","2070","Lower 80 PI","14169.408"
"South Sudan","2070","Upper 95 PI","49621.476"
"South Sudan","2070","Lower 95 PI","11191.907"
"South Sudan","2069","Medium","21849.261"
"South Sudan","2069","High","25756.095"
"South Sudan","2069","Low","18399.658"
"South Sudan","2069","Constant fertility","30527.316"
"South Sudan","2069","Instant replacement","18196.483"
"South Sudan","2069","Zero migration","21359.898"
"South Sudan","2069","Constant mortality","20753.541"
"South Sudan","2069","No change","28939.499"
"South Sudan","2069","Momentum","17339.857"
"South Sudan","2069","Instant replacement zero migration","17735.898"
"South Sudan","2069","No fertility below age 18","20085.065"
"South Sudan","2069","Accelerated ABR decline","18931.257"
"South Sudan","2069","Accelarated ABR decline w/rec.","19910.791"
"South Sudan","2069","Median PI","21849.261"
"South Sudan","2069","Upper 80 PI","34574.05"
"South Sudan","2069","Lower 80 PI","14191.382"
"South Sudan","2069","Upper 95 PI","48791.201"
"South Sudan","2069","Lower 95 PI","11286.274"
"South Sudan","2068","Medium","21690"
"South Sudan","2068","High","25440.842"
"South Sudan","2068","Low","18361.789"
"South Sudan","2068","Constant fertility","29912.872"
"South Sudan","2068","Instant replacement","18095.18"
"South Sudan","2068","Zero migration","21220.859"
"South Sudan","2068","Constant mortality","20646.247"
"South Sudan","2068","No change","28420.445"
"South Sudan","2068","Momentum","17275.286"
"South Sudan","2068","Instant replacement zero migration","17654.466"
"South Sudan","2068","No fertility below age 18","19972.333"
"South Sudan","2068","Accelerated ABR decline","18854.647"
"South Sudan","2068","Accelarated ABR decline w/rec.","19795.723"
"South Sudan","2068","Median PI","21690.001"
"South Sudan","2068","Upper 80 PI","34033.18"
"South Sudan","2068","Lower 80 PI","14231.348"
"South Sudan","2068","Upper 95 PI","48019.201"
"South Sudan","2068","Lower 95 PI","11271.242"
"South Sudan","2067","Medium","21521.042"
"South Sudan","2067","High","25119.025"
"South Sudan","2067","Low","18312.844"
"South Sudan","2067","Constant fertility","29305.218"
"South Sudan","2067","Instant replacement","17986.066"
"South Sudan","2067","Zero migration","21077.328"
"South Sudan","2067","Constant mortality","20527.836"
"South Sudan","2067","No change","27903.642"
"South Sudan","2067","Momentum","17207.716"
"South Sudan","2067","Instant replacement zero migration","17570.381"
"South Sudan","2067","No fertility below age 18","19849.747"
"South Sudan","2067","Accelerated ABR decline","18768.324"
"South Sudan","2067","Accelarated ABR decline w/rec.","19671.322"
"South Sudan","2067","Median PI","21521.043"
"South Sudan","2067","Upper 80 PI","33422.986"
"South Sudan","2067","Lower 80 PI","14160.014"
"South Sudan","2067","Upper 95 PI","46944.602"
"South Sudan","2067","Lower 95 PI","11168.276"
"South Sudan","2066","Medium","21356.305"
"South Sudan","2066","High","24804.477"
"South Sudan","2066","Low","18266.732"
"South Sudan","2066","Constant fertility","28717.8"
"South Sudan","2066","Instant replacement","17883.038"
"South Sudan","2066","Zero migration","20929.532"
"South Sudan","2066","Constant mortality","20412.359"
"South Sudan","2066","No change","27402.858"
"South Sudan","2066","Momentum","17137.447"
"South Sudan","2066","Instant replacement zero migration","17483.852"
"South Sudan","2066","No fertility below age 18","19731.243"
"South Sudan","2066","Accelerated ABR decline","18686.234"
"South Sudan","2066","Accelarated ABR decline w/rec.","19551.606"
"South Sudan","2066","Median PI","21356.305"
"South Sudan","2066","Upper 80 PI","32684.169"
"South Sudan","2066","Lower 80 PI","14052.244"
"South Sudan","2066","Upper 95 PI","45656.781"
"South Sudan","2066","Lower 95 PI","11089.549"
"South Sudan","2065","Medium","21185.711"
"South Sudan","2065","High","24487.125"
"South Sudan","2065","Low","18213.267"
"South Sudan","2065","Constant fertility","28140.196"
"South Sudan","2065","Instant replacement","17775.936"
"South Sudan","2065","Zero migration","20777.779"
"South Sudan","2065","Constant mortality","20289.799"
"South Sudan","2065","No change","26907.91"
"South Sudan","2065","Momentum","17064.757"
"South Sudan","2065","Instant replacement zero migration","17395.114"
"South Sudan","2065","No fertility below age 18","19606.756"
"South Sudan","2065","Accelerated ABR decline","18598.278"
"South Sudan","2065","Accelarated ABR decline w/rec.","19426.638"
"South Sudan","2065","Median PI","21185.711"
"South Sudan","2065","Upper 80 PI","32139.075"
"South Sudan","2065","Lower 80 PI","13975.452"
"South Sudan","2065","Upper 95 PI","44551.884"
"South Sudan","2065","Lower 95 PI","11057.345"
"South Sudan","2064","Medium","21010.107"
"South Sudan","2064","High","24167.81"
"South Sudan","2064","Low","18153.213"
"South Sudan","2064","Constant fertility","27573.142"
"South Sudan","2064","Instant replacement","17665.664"
"South Sudan","2064","Zero migration","20622.269"
"South Sudan","2064","Constant mortality","20160.929"
"South Sudan","2064","No change","26419.583"
"South Sudan","2064","Momentum","16989.856"
"South Sudan","2064","Instant replacement zero migration","17304.428"
"South Sudan","2064","No fertility below age 18","19477.178"
"South Sudan","2064","Accelerated ABR decline","18505.289"
"South Sudan","2064","Accelarated ABR decline w/rec.","19297.459"
"South Sudan","2064","Median PI","21010.107"
"South Sudan","2064","Upper 80 PI","31836.769"
"South Sudan","2064","Lower 80 PI","13951.593"
"South Sudan","2064","Upper 95 PI","43665.614"
"South Sudan","2064","Lower 95 PI","11052.479"
"South Sudan","2063","Medium","20835.763"
"South Sudan","2063","High","23852.697"
"South Sudan","2063","Low","18092.836"
"South Sudan","2063","Constant fertility","27022.9"
"South Sudan","2063","Instant replacement","17558.833"
"South Sudan","2063","Zero migration","20462.877"
"South Sudan","2063","Constant mortality","20032.02"
"South Sudan","2063","No change","25944.296"
"South Sudan","2063","Momentum","16912.938"
"South Sudan","2063","Instant replacement zero migration","17212.002"
"South Sudan","2063","No fertility below age 18","19348.868"
"South Sudan","2063","Accelerated ABR decline","18413.585"
"South Sudan","2063","Accelarated ABR decline w/rec.","19170.553"
"South Sudan","2063","Median PI","20835.763"
"South Sudan","2063","Upper 80 PI","31308.418"
"South Sudan","2063","Lower 80 PI","13920.614"
"South Sudan","2063","Upper 95 PI","42779.931"
"South Sudan","2063","Lower 95 PI","11036.075"
"South Sudan","2062","Medium","20659.136"
"South Sudan","2062","High","23538.255"
"South Sudan","2062","Low","18028.507"
"South Sudan","2062","Constant fertility","26485.625"
"South Sudan","2062","Instant replacement","17451.812"
"South Sudan","2062","Zero migration","20299.841"
"South Sudan","2062","Constant mortality","19899.482"
"South Sudan","2062","No change","25478.292"
"South Sudan","2062","Momentum","16834.125"
"South Sudan","2062","Instant replacement zero migration","17118"
"South Sudan","2062","No fertility below age 18","19218.317"
"South Sudan","2062","Accelerated ABR decline","18319.542"
"South Sudan","2062","Accelarated ABR decline w/rec.","19042.507"
"South Sudan","2062","Median PI","20659.136"
"South Sudan","2062","Upper 80 PI","30651.943"
"South Sudan","2062","Lower 80 PI","13923.314"
"South Sudan","2062","Upper 95 PI","41740.494"
"South Sudan","2062","Lower 95 PI","11039.957"
"South Sudan","2061","Medium","20482.898"
"South Sudan","2061","High","23227.179"
"South Sudan","2061","Low","17962.814"
"South Sudan","2061","Constant fertility","25963.499"
"South Sudan","2061","Instant replacement","17347.053"
"South Sudan","2061","Zero migration","20133.429"
"South Sudan","2061","Constant mortality","19766.019"
"South Sudan","2061","No change","25023.923"
"South Sudan","2061","Momentum","16753.488"
"South Sudan","2061","Instant replacement zero migration","17022.466"
"South Sudan","2061","No fertility below age 18","19088.209"
"South Sudan","2061","Accelerated ABR decline","18225.72"
"South Sudan","2061","Accelarated ABR decline w/rec.","18916.011"
"South Sudan","2061","Median PI","20482.898"
"South Sudan","2061","Upper 80 PI","30176.84"
"South Sudan","2061","Lower 80 PI","13938.885"
"South Sudan","2061","Upper 95 PI","40863.539"
"South Sudan","2061","Lower 95 PI","11076.991"
"South Sudan","2060","Medium","20307.632"
"South Sudan","2060","High","22920.058"
"South Sudan","2060","Low","17896.284"
"South Sudan","2060","Constant fertility","25456.773"
"South Sudan","2060","Instant replacement","17245.116"
"South Sudan","2060","Zero migration","19963.735"
"South Sudan","2060","Constant mortality","19632.232"
"South Sudan","2060","No change","24581.591"
"South Sudan","2060","Momentum","16671.107"
"South Sudan","2060","Instant replacement zero migration","16925.471"
"South Sudan","2060","No fertility below age 18","18959.167"
"South Sudan","2060","Accelerated ABR decline","18132.649"
"South Sudan","2060","Accelarated ABR decline w/rec.","18791.659"
"South Sudan","2060","Median PI","20307.632"
"South Sudan","2060","Upper 80 PI","29722.265"
"South Sudan","2060","Lower 80 PI","13895.715"
"South Sudan","2060","Upper 95 PI","39886.684"
"South Sudan","2060","Lower 95 PI","11097.167"
"South Sudan","2059","Medium","20122.595"
"South Sudan","2059","High","22606.287"
"South Sudan","2059","Low","17818.018"
"South Sudan","2059","Constant fertility","24954.518"
"South Sudan","2059","Instant replacement","17135.127"
"South Sudan","2059","Zero migration","19790.945"
"South Sudan","2059","Constant mortality","19487.286"
"South Sudan","2059","No change","24140.391"
"South Sudan","2059","Momentum","16586.981"
"South Sudan","2059","Instant replacement zero migration","16827.083"
"South Sudan","2059","No fertility below age 18","18820.444"
"South Sudan","2059","Accelerated ABR decline","18029.486"
"South Sudan","2059","Accelarated ABR decline w/rec.","18658.669"
"South Sudan","2059","Median PI","20122.595"
"South Sudan","2059","Upper 80 PI","29287.462"
"South Sudan","2059","Lower 80 PI","13890.672"
"South Sudan","2059","Upper 95 PI","38808.414"
"South Sudan","2059","Lower 95 PI","11170.15"
"South Sudan","2058","Medium","19933.628"
"South Sudan","2058","High","22291.831"
"South Sudan","2058","Low","17733.734"
"South Sudan","2058","Constant fertility","24462.304"
"South Sudan","2058","Instant replacement","17022.85"
"South Sudan","2058","Zero migration","19615.105"
"South Sudan","2058","Constant mortality","19337.013"
"South Sudan","2058","No change","23706.008"
"South Sudan","2058","Momentum","16501.088"
"South Sudan","2058","Instant replacement zero migration","16727.269"
"South Sudan","2058","No fertility below age 18","18677.846"
"South Sudan","2058","Accelerated ABR decline","17922.004"
"South Sudan","2058","Accelarated ABR decline w/rec.","18522.784"
"South Sudan","2058","Median PI","19933.628"
"South Sudan","2058","Upper 80 PI","28971.451"
"South Sudan","2058","Lower 80 PI","13926.115"
"South Sudan","2058","Upper 95 PI","37592.857"
"South Sudan","2058","Lower 95 PI","11260.752"
"South Sudan","2057","Medium","19744.938"
"South Sudan","2057","High","21981.032"
"South Sudan","2057","Low","17647.548"
"South Sudan","2057","Constant fertility","23983.848"
"South Sudan","2057","Instant replacement","16912.272"
"South Sudan","2057","Zero migration","19436.32"
"South Sudan","2057","Constant mortality","19185.664"
"South Sudan","2057","No change","23282.331"
"South Sudan","2057","Momentum","16413.341"
"South Sudan","2057","Instant replacement zero migration","16625.916"
"South Sudan","2057","No fertility below age 18","18535.539"
"South Sudan","2057","Accelerated ABR decline","17814.362"
"South Sudan","2057","Accelarated ABR decline w/rec.","18388.051"
"South Sudan","2057","Median PI","19744.938"
"South Sudan","2057","Upper 80 PI","28572.605"
"South Sudan","2057","Lower 80 PI","13973.803"
"South Sudan","2057","Upper 95 PI","36386.928"
"South Sudan","2057","Lower 95 PI","11312.021"
"South Sudan","2056","Medium","19552.147"
"South Sudan","2056","High","21669.672"
"South Sudan","2056","Low","17554.96"
"South Sudan","2056","Constant fertility","23514.507"
"South Sudan","2056","Instant replacement","16798.953"
"South Sudan","2056","Zero migration","19254.524"
"South Sudan","2056","Constant mortality","19028.87"
"South Sudan","2056","No change","22864.837"
"South Sudan","2056","Momentum","16323.588"
"South Sudan","2056","Instant replacement zero migration","16522.901"
"South Sudan","2056","No fertility below age 18","18389.115"
"South Sudan","2056","Accelerated ABR decline","17702.136"
"South Sudan","2056","Accelarated ABR decline w/rec.","18249.867"
"South Sudan","2056","Median PI","19552.147"
"South Sudan","2056","Upper 80 PI","27976.738"
"South Sudan","2056","Lower 80 PI","13953.485"
"South Sudan","2056","Upper 95 PI","35581.944"
"South Sudan","2056","Lower 95 PI","11347.119"
"South Sudan","2055","Medium","19359.463"
"South Sudan","2055","High","21362.143"
"South Sudan","2055","Low","17460.052"
"South Sudan","2055","Constant fertility","23057.784"
"South Sudan","2055","Instant replacement","16686.661"
"South Sudan","2055","Zero migration","19069.986"
"South Sudan","2055","Constant mortality","18870.811"
"South Sudan","2055","No change","22457.13"
"South Sudan","2055","Momentum","16231.647"
"South Sudan","2055","Instant replacement zero migration","16418.058"
"South Sudan","2055","No fertility below age 18","18242.714"
"South Sudan","2055","Accelerated ABR decline","17589.338"
"South Sudan","2055","Accelarated ABR decline w/rec.","18111.954"
"South Sudan","2055","Median PI","19359.463"
"South Sudan","2055","Upper 80 PI","27441.705"
"South Sudan","2055","Lower 80 PI","13910.152"
"South Sudan","2055","Upper 95 PI","34672.968"
"South Sudan","2055","Lower 95 PI","11437.492"
"South Sudan","2054","Medium","19160.601"
"South Sudan","2054","High","21052.368"
"South Sudan","2054","Low","17356.399"
"South Sudan","2054","Constant fertility","22606.828"
"South Sudan","2054","Instant replacement","16568.704"
"South Sudan","2054","Zero migration","18882.857"
"South Sudan","2054","Constant mortality","18705.269"
"South Sudan","2054","No change","22052.546"
"South Sudan","2054","Momentum","16137.307"
"South Sudan","2054","Instant replacement zero migration","16311.131"
"South Sudan","2054","No fertility below age 18","18090.003"
"South Sudan","2054","Accelerated ABR decline","17469.415"
"South Sudan","2054","Accelarated ABR decline w/rec.","17967.429"
"South Sudan","2054","Median PI","19160.601"
"South Sudan","2054","Upper 80 PI","26960.484"
"South Sudan","2054","Lower 80 PI","13905.913"
"South Sudan","2054","Upper 95 PI","33760.421"
"South Sudan","2054","Lower 95 PI","11497.981"
"South Sudan","2053","Medium","18960.799"
"South Sudan","2053","High","20745.668"
"South Sudan","2053","Low","17249.196"
"South Sudan","2053","Constant fertility","22166.774"
"South Sudan","2053","Instant replacement","16450.415"
"South Sudan","2053","Zero migration","18692.781"
"South Sudan","2053","Constant mortality","18537.521"
"South Sudan","2053","No change","21656.349"
"South Sudan","2053","Momentum","16040.297"
"South Sudan","2053","Instant replacement zero migration","16201.857"
"South Sudan","2053","No fertility below age 18","17936.233"
"South Sudan","2053","Accelerated ABR decline","17347.411"
"South Sudan","2053","Accelarated ABR decline w/rec.","17820.846"
"South Sudan","2053","Median PI","18960.799"
"South Sudan","2053","Upper 80 PI","26420.224"
"South Sudan","2053","Lower 80 PI","13891.77"
"South Sudan","2053","Upper 95 PI","32790.583"
"South Sudan","2053","Lower 95 PI","11562.78"
"South Sudan","2052","Medium","18754.446"
"South Sudan","2052","High","20436.543"
"South Sudan","2052","Low","17132.747"
"South Sudan","2052","Constant fertility","21731.652"
"South Sudan","2052","Instant replacement","16325.849"
"South Sudan","2052","Zero migration","18499.809"
"South Sudan","2052","Constant mortality","18361.92"
"South Sudan","2052","No change","21262.623"
"South Sudan","2052","Momentum","15940.315"
"South Sudan","2052","Instant replacement zero migration","16089.967"
"South Sudan","2052","No fertility below age 18","17775.704"
"South Sudan","2052","Accelerated ABR decline","17217.354"
"South Sudan","2052","Accelarated ABR decline w/rec.","17665.867"
"South Sudan","2052","Median PI","18754.446"
"South Sudan","2052","Upper 80 PI","25870.049"
"South Sudan","2052","Lower 80 PI","13883.125"
"South Sudan","2052","Upper 95 PI","31863.558"
"South Sudan","2052","Lower 95 PI","11657.371"
"South Sudan","2051","Medium","18542.997"
"South Sudan","2051","High","20126.498"
"South Sudan","2051","Low","17008.453"
"South Sudan","2051","Constant fertility","21302.393"
"South Sudan","2051","Instant replacement","16195.977"
"South Sudan","2051","Zero migration","18304.064"
"South Sudan","2051","Constant mortality","18179.954"
"South Sudan","2051","No change","20872.434"
"South Sudan","2051","Momentum","15837.038"
"South Sudan","2051","Instant replacement zero migration","15975.111"
"South Sudan","2051","No fertility below age 18","17609.72"
"South Sudan","2051","Accelerated ABR decline","17080.254"
"South Sudan","2051","Accelarated ABR decline w/rec.","17503.471"
"South Sudan","2051","Median PI","18542.997"
"South Sudan","2051","Upper 80 PI","25266.413"
"South Sudan","2051","Lower 80 PI","13848.983"
"South Sudan","2051","Upper 95 PI","31176.856"
"South Sudan","2051","Lower 95 PI","11664.659"
"South Sudan","2050","Medium","18341.974"
"South Sudan","2050","High","19830.963"
"South Sudan","2050","Low","16891.911"
"South Sudan","2050","Constant fertility","20893.724"
"South Sudan","2050","Instant replacement","16075.751"
"South Sudan","2050","Zero migration","18105.771"
"South Sudan","2050","Constant mortality","18007.13"
"South Sudan","2050","No change","20500.577"
"South Sudan","2050","Momentum","15730.054"
"South Sudan","2050","Instant replacement zero migration","15856.919"
"South Sudan","2050","No fertility below age 18","17453.583"
"South Sudan","2050","Accelerated ABR decline","16951.219"
"South Sudan","2050","Accelarated ABR decline w/rec.","17348.82"
"South Sudan","2050","Median PI","18341.974"
"South Sudan","2050","Upper 80 PI","24772.83"
"South Sudan","2050","Lower 80 PI","13781.963"
"South Sudan","2050","Upper 95 PI","30458.623"
"South Sudan","2050","Lower 95 PI","11653.061"
"South Sudan","2049","Medium","18142.896"
"South Sudan","2049","High","19541.37"
"South Sudan","2049","Low","16774.691"
"South Sudan","2049","Constant fertility","20496.589"
"South Sudan","2049","Instant replacement","15956.129"
"South Sudan","2049","Zero migration","17905.089"
"South Sudan","2049","Constant mortality","17834.913"
"South Sudan","2049","No change","20138.015"
"South Sudan","2049","Momentum","15618.84"
"South Sudan","2049","Instant replacement zero migration","15734.969"
"South Sudan","2049","No fertility below age 18","17298.512"
"South Sudan","2049","Accelerated ABR decline","16821.417"
"South Sudan","2049","Accelarated ABR decline w/rec.","17193.208"
"South Sudan","2049","Median PI","18142.896"
"South Sudan","2049","Upper 80 PI","24457.77"
"South Sudan","2049","Lower 80 PI","13740.207"
"South Sudan","2049","Upper 95 PI","29619.102"
"South Sudan","2049","Lower 95 PI","11696.059"
"South Sudan","2048","Medium","17938.44"
"South Sudan","2048","High","19250.276"
"South Sudan","2048","Low","16649.53"
"South Sudan","2048","Constant fertility","20103.576"
"South Sudan","2048","Instant replacement","15829.59"
"South Sudan","2048","Zero migration","17701.542"
"South Sudan","2048","Constant mortality","17656.104"
"South Sudan","2048","No change","19777.542"
"South Sudan","2048","Momentum","15502.781"
"South Sudan","2048","Instant replacement zero migration","15608.591"
"South Sudan","2048","No fertility below age 18","17136.856"
"South Sudan","2048","Accelerated ABR decline","16683.361"
"South Sudan","2048","Accelarated ABR decline w/rec.","17029.328"
"South Sudan","2048","Median PI","17938.44"
"South Sudan","2048","Upper 80 PI","24079.169"
"South Sudan","2048","Lower 80 PI","13754.582"
"South Sudan","2048","Upper 95 PI","28837.427"
"South Sudan","2048","Lower 95 PI","11784.225"
"South Sudan","2047","Medium","17728.337"
"South Sudan","2047","High","18957.277"
"South Sudan","2047","Low","16516.227"
"South Sudan","2047","Constant fertility","19714.24"
"South Sudan","2047","Instant replacement","15695.526"
"South Sudan","2047","Zero migration","17494.87"
"South Sudan","2047","Constant mortality","17470.433"
"South Sudan","2047","No change","19418.779"
"South Sudan","2047","Momentum","15381.248"
"South Sudan","2047","Instant replacement zero migration","15477.188"
"South Sudan","2047","No fertility below age 18","16967.965"
"South Sudan","2047","Accelerated ABR decline","16536.725"
"South Sudan","2047","Accelarated ABR decline w/rec.","16856.901"
"South Sudan","2047","Median PI","17728.337"
"South Sudan","2047","Upper 80 PI","23601.426"
"South Sudan","2047","Lower 80 PI","13751.235"
"South Sudan","2047","Upper 95 PI","28076.095"
"South Sudan","2047","Lower 95 PI","11832.628"
"South Sudan","2046","Medium","17509.696"
"South Sudan","2046","High","18659.316"
"South Sudan","2046","Low","16371.972"
"South Sudan","2046","Constant fertility","19325.509"
"South Sudan","2046","Instant replacement","15550.689"
"South Sudan","2046","Zero migration","17284.862"
"South Sudan","2046","Constant mortality","17274.981"
"South Sudan","2046","No change","19058.687"
"South Sudan","2046","Momentum","15253.636"
"South Sudan","2046","Instant replacement zero migration","15340.205"
"South Sudan","2046","No fertility below age 18","16788.585"
"South Sudan","2046","Accelerated ABR decline","16378.713"
"South Sudan","2046","Accelarated ABR decline w/rec.","16672.953"
"South Sudan","2046","Median PI","17509.696"
"South Sudan","2046","Upper 80 PI","23059.409"
"South Sudan","2046","Lower 80 PI","13730.589"
"South Sudan","2046","Upper 95 PI","27379.364"
"South Sudan","2046","Lower 95 PI","11824.105"
"South Sudan","2045","Medium","17286.41"
"South Sudan","2045","High","18360.046"
"South Sudan","2045","Low","16220.796"
"South Sudan","2045","Constant fertility","18941.003"
"South Sudan","2045","Instant replacement","15398.773"
"South Sudan","2045","Zero migration","17071.25"
"South Sudan","2045","Constant mortality","17073.682"
"South Sudan","2045","No change","18700.988"
"South Sudan","2045","Momentum","15119.475"
"South Sudan","2045","Instant replacement zero migration","15197.165"
"South Sudan","2045","No fertility below age 18","16602.325"
"South Sudan","2045","Accelerated ABR decline","16213.514"
"South Sudan","2045","Accelarated ABR decline w/rec.","16481.423"
"South Sudan","2045","Median PI","17286.41"
"South Sudan","2045","Upper 80 PI","22546.936"
"South Sudan","2045","Lower 80 PI","13706.404"
"South Sudan","2045","Upper 95 PI","26589.303"
"South Sudan","2045","Lower 95 PI","11811.143"
"South Sudan","2044","Medium","17060.174"
"South Sudan","2044","High","18060.888"
"South Sudan","2044","Low","16064.553"
"South Sudan","2044","Constant fertility","18561.76"
"South Sudan","2044","Instant replacement","15241.146"
"South Sudan","2044","Zero migration","16854.245"
"South Sudan","2044","Constant mortality","16868.186"
"South Sudan","2044","No change","18346.725"
"South Sudan","2044","Momentum","14978.576"
"South Sudan","2044","Instant replacement zero migration","15047.953"
"South Sudan","2044","No fertility below age 18","16410.691"
"South Sudan","2044","Accelerated ABR decline","16043.24"
"South Sudan","2044","Accelarated ABR decline w/rec.","16284.081"
"South Sudan","2044","Median PI","17060.174"
"South Sudan","2044","Upper 80 PI","22066.752"
"South Sudan","2044","Lower 80 PI","13628.127"
"South Sudan","2044","Upper 95 PI","25738.981"
"South Sudan","2044","Lower 95 PI","11779.73"
"South Sudan","2043","Medium","16829.207"
"South Sudan","2043","High","17759.719"
"South Sudan","2043","Low","15901.653"
"South Sudan","2043","Constant fertility","18185.77"
"South Sudan","2043","Instant replacement","15076.501"
"South Sudan","2043","Zero migration","16633.574"
"South Sudan","2043","Constant mortality","16656.739"
"South Sudan","2043","No change","17993.98"
"South Sudan","2043","Momentum","14831.132"
"South Sudan","2043","Instant replacement zero migration","14892.782"
"South Sudan","2043","No fertility below age 18","16211.903"
"South Sudan","2043","Accelerated ABR decline","15866.778"
"South Sudan","2043","Accelarated ABR decline w/rec.","16079.73"
"South Sudan","2043","Median PI","16829.207"
"South Sudan","2043","Upper 80 PI","21608.653"
"South Sudan","2043","Lower 80 PI","13544.6"
"South Sudan","2043","Upper 95 PI","25002.017"
"South Sudan","2043","Lower 95 PI","11741.77"
"South Sudan","2042","Medium","16593.363"
"South Sudan","2042","High","17456.037"
"South Sudan","2042","Low","15732.175"
"South Sudan","2042","Constant fertility","17812.964"
"South Sudan","2042","Instant replacement","14905.769"
"South Sudan","2042","Zero migration","16408.756"
"South Sudan","2042","Constant mortality","16439.225"
"South Sudan","2042","No change","17642.745"
"South Sudan","2042","Momentum","14677.728"
"South Sudan","2042","Instant replacement zero migration","14732.231"
"South Sudan","2042","No fertility below age 18","16006.026"
"South Sudan","2042","Accelerated ABR decline","15684.642"
"South Sudan","2042","Accelarated ABR decline w/rec.","15869.067"
"South Sudan","2042","Median PI","16593.363"
"South Sudan","2042","Upper 80 PI","21089.232"
"South Sudan","2042","Lower 80 PI","13445.597"
"South Sudan","2042","Upper 95 PI","24326.135"
"South Sudan","2042","Lower 95 PI","11701.385"
"South Sudan","2041","Medium","16350.15"
"South Sudan","2041","High","17146.961"
"South Sudan","2041","Low","15553.861"
"South Sudan","2041","Constant fertility","17440.671"
"South Sudan","2041","Instant replacement","14727.503"
"South Sudan","2041","Zero migration","16179.606"
"South Sudan","2041","Constant mortality","16213.176"
"South Sudan","2041","No change","17290.434"
"South Sudan","2041","Momentum","14519.254"
"South Sudan","2041","Instant replacement zero migration","14567.175"
"South Sudan","2041","No fertility below age 18","15791.204"
"South Sudan","2041","Accelerated ABR decline","15494.648"
"South Sudan","2041","Accelarated ABR decline w/rec.","15650.131"
"South Sudan","2041","Median PI","16350.15"
"South Sudan","2041","Upper 80 PI","20591.273"
"South Sudan","2041","Lower 80 PI","13361.305"
"South Sudan","2041","Upper 95 PI","23664.504"
"South Sudan","2041","Lower 95 PI","11664.579"
"South Sudan","2040","Medium","16101.48"
"South Sudan","2040","High","16834.008"
"South Sudan","2040","Low","15368.861"
"South Sudan","2040","Constant fertility","17070.555"
"South Sudan","2040","Instant replacement","14544.657"
"South Sudan","2040","Zero migration","15946.095"
"South Sudan","2040","Constant mortality","15980.49"
"South Sudan","2040","No change","16938.736"
"South Sudan","2040","Momentum","14356.739"
"South Sudan","2040","Instant replacement zero migration","14398.647"
"South Sudan","2040","No fertility below age 18","15570.313"
"South Sudan","2040","Accelerated ABR decline","15298.873"
"South Sudan","2040","Accelarated ABR decline w/rec.","15425.564"
"South Sudan","2040","Median PI","16101.48"
"South Sudan","2040","Upper 80 PI","20121.538"
"South Sudan","2040","Lower 80 PI","13281.544"
"South Sudan","2040","Upper 95 PI","22910.778"
"South Sudan","2040","Lower 95 PI","11662.576"
"South Sudan","2039","Medium","15850.694"
"South Sudan","2039","High","16520.146"
"South Sudan","2039","Low","15180.761"
"South Sudan","2039","Constant fertility","16705.529"
"South Sudan","2039","Instant replacement","14361.371"
"South Sudan","2039","Zero migration","15708.434"
"South Sudan","2039","Constant mortality","15744.518"
"South Sudan","2039","No change","16590.604"
"South Sudan","2039","Momentum","14191.192"
"South Sudan","2039","Instant replacement zero migration","14227.644"
"South Sudan","2039","No fertility below age 18","15347.174"
"South Sudan","2039","Accelerated ABR decline","15100.691"
"South Sudan","2039","Accelarated ABR decline w/rec.","15199.548"
"South Sudan","2039","Median PI","15850.694"
"South Sudan","2039","Upper 80 PI","19631.968"
"South Sudan","2039","Lower 80 PI","13186.442"
"South Sudan","2039","Upper 95 PI","22217.078"
"South Sudan","2039","Lower 95 PI","11694.672"
"South Sudan","2038","Medium","15595.97"
"South Sudan","2038","High","16203.249"
"South Sudan","2038","Low","14987.94"
"South Sudan","2038","Constant fertility","16343.698"
"South Sudan","2038","Instant replacement","14176.796"
"South Sudan","2038","Zero migration","15466.415"
"South Sudan","2038","Constant mortality","15503.585"
"South Sudan","2038","No change","16244.336"
"South Sudan","2038","Momentum","14023.462"
"South Sudan","2038","Instant replacement zero migration","14054.934"
"South Sudan","2038","No fertility below age 18","15120.061"
"South Sudan","2038","Accelerated ABR decline","14898.171"
"South Sudan","2038","Accelarated ABR decline w/rec.","14970.987"
"South Sudan","2038","Median PI","15595.97"
"South Sudan","2038","Upper 80 PI","19197.599"
"South Sudan","2038","Lower 80 PI","13097.71"
"South Sudan","2038","Upper 95 PI","21487.785"
"South Sudan","2038","Lower 95 PI","11773.02"
"South Sudan","2037","Medium","15335.703"
"South Sudan","2037","High","15881.529"
"South Sudan","2037","Low","14788.903"
"South Sudan","2037","Constant fertility","15983.763"
"South Sudan","2037","Instant replacement","13990.22"
"South Sudan","2037","Zero migration","15219.743"
"South Sudan","2037","Constant mortality","15256.114"
"South Sudan","2037","No change","15898.696"
"South Sudan","2037","Momentum","13854.213"
"South Sudan","2037","Instant replacement zero migration","13881.138"
"South Sudan","2037","No fertility below age 18","14887.394"
"South Sudan","2037","Accelerated ABR decline","14689.776"
"South Sudan","2037","Accelarated ABR decline w/rec.","14739.153"
"South Sudan","2037","Median PI","15335.703"
"South Sudan","2037","Upper 80 PI","18715.21"
"South Sudan","2037","Lower 80 PI","12980.178"
"South Sudan","2037","Upper 95 PI","20658.695"
"South Sudan","2037","Lower 95 PI","11745.553"
"South Sudan","2036","Medium","15070.095"
"South Sudan","2036","High","15555.112"
"South Sudan","2036","Low","14583.914"
"South Sudan","2036","Constant fertility","15625.922"
"South Sudan","2036","Instant replacement","13802.172"
"South Sudan","2036","Zero migration","14968.748"
"South Sudan","2036","Constant mortality","15002.234"
"South Sudan","2036","No change","15553.829"
"South Sudan","2036","Momentum","13684.08"
"South Sudan","2036","Instant replacement zero migration","13706.926"
"South Sudan","2036","No fertility below age 18","14649.239"
"South Sudan","2036","Accelerated ABR decline","14476.21"
"South Sudan","2036","Accelarated ABR decline w/rec.","14505.613"
"South Sudan","2036","Median PI","15070.096"
"South Sudan","2036","Upper 80 PI","18188.668"
"South Sudan","2036","Lower 80 PI","12865.268"
"South Sudan","2036","Upper 95 PI","19936.863"
"South Sudan","2036","Lower 95 PI","11651.728"
"South Sudan","2035","Medium","14798.6"
"South Sudan","2035","High","15223.466"
"South Sudan","2035","Low","14372.41"
"South Sudan","2035","Constant fertility","15269.374"
"South Sudan","2035","Instant replacement","13612.013"
"South Sudan","2035","Zero migration","14714.128"
"South Sudan","2035","Constant mortality","14741.388"
"South Sudan","2035","No change","15208.96"
"South Sudan","2035","Momentum","13513.716"
"South Sudan","2035","Instant replacement zero migration","13532.945"
"South Sudan","2035","No fertility below age 18","14405.026"
"South Sudan","2035","Accelerated ABR decline","14257.498"
"South Sudan","2035","Accelarated ABR decline w/rec.","14271.317"
"South Sudan","2035","Median PI","14798.6"
"South Sudan","2035","Upper 80 PI","17644.95"
"South Sudan","2035","Lower 80 PI","12742.137"
"South Sudan","2035","Upper 95 PI","19244.851"
"South Sudan","2035","Lower 95 PI","11643.205"
"South Sudan","2034","Medium","14527.55"
"South Sudan","2034","High","14892.958"
"South Sudan","2034","Low","14160.737"
"South Sudan","2034","Constant fertility","14920.533"
"South Sudan","2034","Instant replacement","13426.284"
"South Sudan","2034","Zero migration","14456.365"
"South Sudan","2034","Constant mortality","14480.006"
"South Sudan","2034","No change","14870.619"
"South Sudan","2034","Momentum","13343.875"
"South Sudan","2034","Instant replacement zero migration","13359.87"
"South Sudan","2034","No fertility below age 18","14161.457"
"South Sudan","2034","Accelerated ABR decline","14040.715"
"South Sudan","2034","Accelarated ABR decline w/rec.","14044.335"
"South Sudan","2034","Median PI","14527.551"
"South Sudan","2034","Upper 80 PI","17065.839"
"South Sudan","2034","Lower 80 PI","12601.288"
"South Sudan","2034","Upper 95 PI","18518.872"
"South Sudan","2034","Lower 95 PI","11619.979"
"South Sudan","2033","Medium","14261.765"
"South Sudan","2033","High","14574.551"
"South Sudan","2033","Low","13947.517"
"South Sudan","2033","Constant fertility","14584.344"
"South Sudan","2033","Instant replacement","13250.013"
"South Sudan","2033","Zero migration","14196.16"
"South Sudan","2033","Constant mortality","14222.968"
"South Sudan","2033","No change","14543.843"
"South Sudan","2033","Momentum","13175.448"
"South Sudan","2033","Instant replacement zero migration","13188.548"
"South Sudan","2033","No fertility below age 18","13923.763"
"South Sudan","2033","Accelerated ABR decline","13830.915"
"South Sudan","2033","Accelarated ABR decline w/rec.","13830.915"
"South Sudan","2033","Median PI","14261.765"
"South Sudan","2033","Upper 80 PI","16480.53"
"South Sudan","2033","Lower 80 PI","12487.24"
"South Sudan","2033","Upper 95 PI","17792.783"
"South Sudan","2033","Lower 95 PI","11584.745"
"South Sudan","2032","Medium","13996.351"
"South Sudan","2032","High","14263.499"
"South Sudan","2032","Low","13727.716"
"South Sudan","2032","Constant fertility","14255.809"
"South Sudan","2032","Instant replacement","13078.055"
"South Sudan","2032","Zero migration","13934.759"
"South Sudan","2032","Constant mortality","13965.381"
"South Sudan","2032","No change","14223.651"
"South Sudan","2032","Momentum","13009.436"
"South Sudan","2032","Instant replacement zero migration","13019.961"
"South Sudan","2032","No fertility below age 18","13687.46"
"South Sudan","2032","Accelerated ABR decline","13622.864"
"South Sudan","2032","Accelarated ABR decline w/rec.","13622.864"
"South Sudan","2032","Median PI","13996.351"
"South Sudan","2032","Upper 80 PI","15963.223"
"South Sudan","2032","Lower 80 PI","12400.208"
"South Sudan","2032","Upper 95 PI","17143.311"
"South Sudan","2032","Lower 95 PI","11589.704"
"South Sudan","2031","Medium","13725.412"
"South Sudan","2031","High","13948.042"
"South Sudan","2031","Low","13501.436"
"South Sudan","2031","Constant fertility","13928.985"
"South Sudan","2031","Instant replacement","12904.146"
"South Sudan","2031","Zero migration","13673.515"
"South Sudan","2031","Constant mortality","13701.286"
"South Sudan","2031","No change","13904.06"
"South Sudan","2031","Momentum","12846.897"
"South Sudan","2031","Instant replacement zero migration","12855.17"
"South Sudan","2031","No fertility below age 18","13447.249"
"South Sudan","2031","Accelerated ABR decline","13410.236"
"South Sudan","2031","Accelarated ABR decline w/rec.","13410.236"
"South Sudan","2031","Median PI","13725.412"
"South Sudan","2031","Upper 80 PI","15468.18"
"South Sudan","2031","Lower 80 PI","12311.03"
"South Sudan","2031","Upper 95 PI","16540.821"
"South Sudan","2031","Lower 95 PI","11596.598"
"South Sudan","2030","Medium","13457.453"
"South Sudan","2030","High","13636.871"
"South Sudan","2030","Low","13277.072"
"South Sudan","2030","Constant fertility","13612.316"
"South Sudan","2030","Instant replacement","12736.599"
"South Sudan","2030","Zero migration","13413.657"
"South Sudan","2030","Constant mortality","13439.228"
"South Sudan","2030","No change","13593.581"
"South Sudan","2030","Momentum","12688.854"
"South Sudan","2030","Instant replacement zero migration","12695.193"
"South Sudan","2030","No fertility below age 18","13212.063"
"South Sudan","2030","Accelerated ABR decline","13200.406"
"South Sudan","2030","Accelarated ABR decline w/rec.","13200.406"
"South Sudan","2030","Median PI","13457.454"
"South Sudan","2030","Upper 80 PI","14998.786"
"South Sudan","2030","Lower 80 PI","12217.589"
"South Sudan","2030","Upper 95 PI","15913.775"
"South Sudan","2030","Lower 95 PI","11600.943"
"South Sudan","2029","Medium","13198.085"
"South Sudan","2029","High","13335.659"
"South Sudan","2029","Low","13060.234"
"South Sudan","2029","Constant fertility","13311.092"
"South Sudan","2029","Instant replacement","12580.703"
"South Sudan","2029","Zero migration","13156.463"
"South Sudan","2029","Constant mortality","13184.919"
"South Sudan","2029","No change","13297.625"
"South Sudan","2029","Momentum","12536.26"
"South Sudan","2029","Instant replacement zero migration","12540.935"
"South Sudan","2029","No fertility below age 18","12987.528"
"South Sudan","2029","Accelerated ABR decline","12997.329"
"South Sudan","2029","Accelarated ABR decline w/rec.","12997.329"
"South Sudan","2029","Median PI","13198.085"
"South Sudan","2029","Upper 80 PI","14505.528"
"South Sudan","2029","Lower 80 PI","12118.269"
"South Sudan","2029","Upper 95 PI","15318.73"
"South Sudan","2029","Lower 95 PI","11592.728"
"South Sudan","2028","Medium","12941.5"
"South Sudan","2028","High","13045.975"
"South Sudan","2028","Low","12837.143"
"South Sudan","2028","Constant fertility","13019.279"
"South Sudan","2028","Instant replacement","12430.258"
"South Sudan","2028","Zero migration","12903.037"
"South Sudan","2028","Constant mortality","12932.531"
"South Sudan","2028","No change","13010.144"
"South Sudan","2028","Momentum","12389.862"
"South Sudan","2028","Instant replacement zero migration","12393.124"
"South Sudan","2028","No fertility below age 18","12767.47"
"South Sudan","2028","Accelerated ABR decline","12793.491"
"South Sudan","2028","Accelarated ABR decline w/rec.","12793.491"
"South Sudan","2028","Median PI","12941.5"
"South Sudan","2028","Upper 80 PI","13982.407"
"South Sudan","2028","Lower 80 PI","12010.333"
"South Sudan","2028","Upper 95 PI","14682.275"
"South Sudan","2028","Lower 95 PI","11564.775"
"South Sudan","2027","Medium","12687.303"
"South Sudan","2027","High","12767.169"
"South Sudan","2027","Low","12607.497"
"South Sudan","2027","Constant fertility","12736.584"
"South Sudan","2027","Instant replacement","12284.898"
"South Sudan","2027","Zero migration","12653.907"
"South Sudan","2027","Constant mortality","12681.656"
"South Sudan","2027","No change","12730.855"
"South Sudan","2027","Momentum","12250.237"
"South Sudan","2027","Instant replacement zero migration","12252.347"
"South Sudan","2027","No fertility below age 18","12550.962"
"South Sudan","2027","Accelerated ABR decline","12586.841"
"South Sudan","2027","Accelarated ABR decline w/rec.","12586.841"
"South Sudan","2027","Median PI","12687.303"
"South Sudan","2027","Upper 80 PI","13484.215"
"South Sudan","2027","Lower 80 PI","11937.107"
"South Sudan","2027","Upper 95 PI","14000.498"
"South Sudan","2027","Lower 95 PI","11560.359"
"South Sudan","2026","Medium","12436.037"
"South Sudan","2026","High","12492.156"
"South Sudan","2026","Low","12379.944"
"South Sudan","2026","Constant fertility","12463.481"
"South Sudan","2026","Instant replacement","12145.153"
"South Sudan","2026","Zero migration","12409.465"
"South Sudan","2026","Constant mortality","12432.905"
"South Sudan","2026","No change","12460.317"
"South Sudan","2026","Momentum","12117.788"
"South Sudan","2026","Instant replacement zero migration","12119.015"
"South Sudan","2026","No fertility below age 18","12338.135"
"South Sudan","2026","Accelerated ABR decline","12376.154"
"South Sudan","2026","Accelarated ABR decline w/rec.","12376.154"
"South Sudan","2026","Median PI","12436.037"
"South Sudan","2026","Upper 80 PI","12997.877"
"South Sudan","2026","Lower 80 PI","11887.895"
"South Sudan","2026","Upper 95 PI","13332.266"
"South Sudan","2026","Lower 95 PI","11592.615"
"South Sudan","2025","Medium","12188.788"
"South Sudan","2025","High","12221.987"
"South Sudan","2025","Low","12155.598"
"South Sudan","2025","Constant fertility","12200.85"
"South Sudan","2025","Instant replacement","12012.021"
"South Sudan","2025","Zero migration","12170.035"
"South Sudan","2025","Constant mortality","12187.404"
"South Sudan","2025","No change","12199.458"
"South Sudan","2025","Momentum","11992.81"
"South Sudan","2025","Instant replacement zero migration","11993.397"
"South Sudan","2025","No fertility below age 18","12129.768"
"South Sudan","2025","Accelerated ABR decline","12160.621"
"South Sudan","2025","Accelarated ABR decline w/rec.","12160.621"
"South Sudan","2025","Median PI","12188.788"
"South Sudan","2025","Upper 80 PI","12518.424"
"South Sudan","2025","Lower 80 PI","11851.111"
"South Sudan","2025","Upper 95 PI","12699.322"
"South Sudan","2025","Lower 95 PI","11661.233"
"South Sudan","2024","Medium","11943.408"
"South Sudan","2024","High","11954.378"
"South Sudan","2024","Low","11932.441"
"South Sudan","2024","Constant fertility","11946.395"
"South Sudan","2024","Instant replacement","11883.886"
"South Sudan","2024","Zero migration","11935.722"
"South Sudan","2024","Constant mortality","11943.059"
"South Sudan","2024","No change","11946.043"
"South Sudan","2024","Momentum","11876.04"
"South Sudan","2024","Instant replacement zero migration","11876.199"
"South Sudan","2024","No fertility below age 18","11923.657"
"South Sudan","2024","Accelerated ABR decline","11936.025"
"South Sudan","2024","Accelarated ABR decline w/rec.","11936.025"
"South Sudan","2024","Median PI","11943.408"
"South Sudan","2024","Upper 80 PI","12051.001"
"South Sudan","2024","Lower 80 PI","11829.371"
"South Sudan","2024","Upper 95 PI","12110.386"
"South Sudan","2024","Lower 95 PI","11759.506"
"South Sudan","2023","Medium","11483.374"
"South Sudan","2022","Medium","11021.177"
"South Sudan","2021","Medium","10865.78"
"South Sudan","2020","Medium","10698.467"
"South Sudan","2019","Medium","10423.384"
"South Sudan","2018","Medium","10122.977"
"South Sudan","2017","Medium","10259.154"
"South Sudan","2016","Medium","10830.102"
"South Sudan","2015","Medium","11107.561"
"South Sudan","2014","Medium","11235.073"
"South Sudan","2013","Medium","11166.275"
"South Sudan","2012","Medium","10756.24"
"South Sudan","2011","Medium","10288.109"
"South Sudan","2010","Medium","9745.953"
"South Sudan","2009","Medium","9243.556"
"South Sudan","2008","Medium","8817.647"
"South Sudan","2007","Medium","8388.788"
"South Sudan","2006","Medium","7976.526"
"South Sudan","2005","Medium","7590.143"
"South Sudan","2004","Medium","7233.041"
"South Sudan","2003","Medium","6903.127"
"South Sudan","2002","Medium","6596.806"
"South Sudan","2001","Medium","6308.391"
"South Sudan","2000","Medium","6032.267"
"South Sudan","1999","Medium","5771.628"
"South Sudan","1998","Medium","5620.068"
"South Sudan","1997","Medium","5509.136"
"South Sudan","1996","Medium","5356.925"
"South Sudan","1995","Medium","5225.836"
"South Sudan","1994","Medium","5071.184"
"South Sudan","1993","Medium","4956.002"
"South Sudan","1992","Medium","4909.749"
"South Sudan","1991","Medium","4836.677"
"South Sudan","1990","Medium","4737.633"
"South Sudan","1989","Medium","4713.229"
"South Sudan","1988","Medium","4848.029"
"South Sudan","1987","Medium","4962.395"
"South Sudan","1986","Medium","4921.24"
"South Sudan","1985","Medium","4834.296"
"South Sudan","1984","Medium","4750.627"
"South Sudan","1983","Medium","4661.574"
"South Sudan","1982","Medium","4557.686"
"South Sudan","1981","Medium","4447.272"
"South Sudan","1980","Medium","4339.03"
"South Sudan","1979","Medium","4232.605"
"South Sudan","1978","Medium","4127.657"
"South Sudan","1977","Medium","4024.032"
"South Sudan","1976","Medium","3921.91"
"South Sudan","1975","Medium","3821.494"
"South Sudan","1974","Medium","3723.259"
"South Sudan","1973","Medium","3627.383"
"South Sudan","1972","Medium","3542.497"
"South Sudan","1971","Medium","3468.646"
"South Sudan","1970","Medium","3409.614"
"South Sudan","1969","Medium","3365.533"
"South Sudan","1968","Medium","3321.528"
"South Sudan","1967","Medium","3277.648"
"South Sudan","1966","Medium","3236.423"
"South Sudan","1965","Medium","3189.835"
"South Sudan","1964","Medium","3129.918"
"South Sudan","1963","Medium","3072.669"
"South Sudan","1962","Medium","3024.308"
"South Sudan","1961","Medium","2976.724"
"South Sudan","1960","Medium","2931.559"
"South Sudan","1959","Medium","2888.785"
"South Sudan","1958","Medium","2848.354"
"South Sudan","1957","Medium","2804.096"
"South Sudan","1956","Medium","2754.592"
"South Sudan","1955","Medium","2705.082"
"South Sudan","1954","Medium","2657.093"
"South Sudan","1953","Medium","2611.733"
"South Sudan","1952","Medium","2569.209"
"South Sudan","1951","Medium","2529.62"
"South Sudan","1950","Medium","2493.283"

